[{"items":[{"id":"m1","name":"Mac & Cheese","price":"8.99","description":"Creamy cheddar cheese mixed with perfectly cooked macaroni, topped with crispy breadcrumbs. A classic comfort food.","image":"images/mac-and-cheese.jpg","quantity":1}],"customer":{"name":"ssbhhb","email":"ddfty@","street":"kftft","postal-code":"yufyu","city":"gft"},"id":"741.9884544712727"},{"items":[{"id":"m1","name":"Mac & Cheese","price":"8.99","description":"Creamy cheddar cheese mixed with perfectly cooked macaroni, topped with crispy breadcrumbs. A classic comfort food.","image":"images/mac-and-cheese.jpg","quantity":1}],"customer":{"name":"ssbhhb","email":"ddfty@","street":"kftft","postal-code":"yufyu","city":"gft"},"id":"188.7182674429122"},{"items":[{"id":"m1","name":"Mac & Cheese","price":"8.99","description":"Creamy cheddar cheese mixed with perfectly cooked macaroni, topped with crispy breadcrumbs. A classic comfort food.","image":"images/mac-and-cheese.jpg","quantity":1}],"customer":{"name":"ssbhhb","email":"ddfty@","street":"kftft","postal-code":"yufyu","city":"gft"},"id":"447.90661292680477"},{"items":[{"id":"m1","name":"Mac & Cheese","price":"8.99","description":"Creamy cheddar cheese mixed with perfectly cooked macaroni, topped with crispy breadcrumbs. A classic comfort food.","image":"images/mac-and-cheese.jpg","quantity":1}],"customer":{"name":"ssbhhb","email":"ddfty@","street":"kftft","postal-code":"yufyu","city":"gft"},"id":"851.6828533649096"},{"items":[{"id":"m1","name":"Mac & Cheese","price":"8.99","description":"Creamy cheddar cheese mixed with perfectly cooked macaroni, topped with crispy breadcrumbs. A classic comfort food.","image":"images/mac-and-cheese.jpg","quantity":1}],"customer":{"name":"ssbhhb","email":"ddfty@","street":"kftft","postal-code":"yufyu","city":"gft"},"id":"203.1451001183169"},{"items":[{"id":"m1","name":"Mac & Cheese","price":"8.99","description":"Creamy cheddar cheese mixed with perfectly cooked macaroni, topped with crispy breadcrumbs. A classic comfort food.","image":"images/mac-and-cheese.jpg","quantity":1}],"customer":{"name":"ssbhhb","email":"ddfty@","street":"kftft","postal-code":"yufyu","city":"gft"},"id":"171.05660112537558"},{"items":[{"id":"m1","name":"Mac & Cheese","price":"8.99","description":"Creamy cheddar cheese mixed with perfectly cooked macaroni, topped with crispy breadcrumbs. A classic comfort food.","image":"images/mac-and-cheese.jpg","quantity":1}],"customer":{"name":"ssbhhb","email":"ddfty@","street":"kftft","postal-code":"yufyu","city":"gft"},"id":"320.623434089411"},{"items":[{"id":"m2","name":"Margherita Pizza","price":"12.99","description":"A classic pizza with fresh mozzarella, tomatoes, and basil on a thin and crispy crust.","image":"images/margherita-pizza.jpg","quantity":3},{"id":"m1","name":"Mac & Cheese","price":"8.99","description":"Creamy cheddar cheese mixed with perfectly cooked macaroni, topped with crispy breadcrumbs. A classic comfort food.","image":"images/mac-and-cheese.jpg","quantity":2}],"customer":{"name":"dsadsa","email":"sdadsa@1","street":"adssda","postal-code":"dsadsa","city":"adssa"},"id":"329.13281657247984"},{"items":[{"id":"m2","name":"Margherita Pizza","price":"12.99","description":"A classic pizza with fresh mozzarella, tomatoes, and basil on a thin and crispy crust.","image":"images/margherita-pizza.jpg","quantity":3},{"id":"m1","name":"Mac & Cheese","price":"8.99","description":"Creamy cheddar cheese mixed with perfectly cooked macaroni, topped with crispy breadcrumbs. A classic comfort food.","image":"images/mac-and-cheese.jpg","quantity":2}],"customer":{"name":"adssdasda","email":"asadsa@","street":"dsdas","postal-code":"sdasd","city":"dasdsa"},"id":"827.3124497442291"},{"items":[{"id":"m1","name":"Mac & Cheese","price":"8.99","description":"Creamy cheddar cheese mixed with perfectly cooked macaroni, topped with crispy breadcrumbs. A classic comfort food.","image":"images/mac-and-cheese.jpg","quantity":1},{"id":"m2","name":"Margherita Pizza","price":"12.99","description":"A classic pizza with fresh mozzarella, tomatoes, and basil on a thin and crispy crust.","image":"images/margherita-pizza.jpg","quantity":1}],"customer":{"name":"asdsa","email":"dada@","street":"dsdsa","postal-code":"dsaads","city":"dsasda"},"id":"619.590413330188"},{"items":[{"id":"m1","name":"Mac & Cheese","price":"8.99","description":"Creamy cheddar cheese mixed with perfectly cooked macaroni, topped with crispy breadcrumbs. A classic comfort food.","image":"images/mac-and-cheese.jpg","quantity":1},{"id":"m2","name":"Margherita Pizza","price":"12.99","description":"A classic pizza with fresh mozzarella, tomatoes, and basil on a thin and crispy crust.","image":"images/margherita-pizza.jpg","quantity":1}],"customer":{"name":"asd","email":"asdsa@","street":"sda","postal-code":"dsa","city":"ads"},"id":"999.1352197552063"},{"items":[{"id":"m1","name":"Mac & Cheese","price":"8.99","description":"Creamy cheddar cheese mixed with perfectly cooked macaroni, topped with crispy breadcrumbs. A classic comfort food.","image":"images/mac-and-cheese.jpg","quantity":1},{"id":"m2","name":"Margherita Pizza","price":"12.99","description":"A classic pizza with fresh mozzarella, tomatoes, and basil on a thin and crispy crust.","image":"images/margherita-pizza.jpg","quantity":1}],"customer":{"name":"dsadsa","email":"saasads@","street":"sad","postal-code":"dsa","city":"dsa"},"id":"165.91600102288817"}]